y_test,y_pred,y_proba
0,0,0.0363160862799597
0,0,0.05214282951878096
0,0,0.06543215734759561
0,0,0.0552612446420372
0,0,0.0984173787875784
0,1,0.2779649285374626
0,0,0.04862356119888311
0,1,0.6174799497966071
0,1,0.5554222987745748
0,0,0.06453402905160766
1,1,0.6367523262952383
0,1,0.4377321545407094
0,0,0.03815019108228746
0,0,0.07031604614407151
0,0,0.1383952113160833
0,0,0.03322881141551255
0,0,0.07395693458753683
0,0,0.1523615807919932
1,1,0.6473295572133115
0,1,0.4606525122930047
1,1,0.7935473985580185
0,0,0.04059127521812872
0,0,0.047687992387799694
1,1,0.35706025124344926
0,0,0.07052300682410372
0,0,0.1095390624463222
0,0,0.07633172696020632
0,0,0.046013350001359345
0,0,0.06835537254285579
0,1,0.2854434325705489
0,0,0.06151727479258996
1,1,0.5051602726982652
0,1,0.49347607499311585
0,0,0.04053079427145511
0,1,0.3586153565420689
1,0,0.03961806308375835
0,0,0.050417718961888125
0,0,0.05532251602184862
0,1,0.24200248167823857
1,1,0.7395709789391598
0,0,0.0837008238589202
0,0,0.05617968075273961
0,1,0.27786771411620864
1,0,0.10257491845186563
0,0,0.07081159044970421
0,0,0.07519525564254825
0,0,0.11239887150983699
1,1,0.8237075707394187
0,0,0.036155586599338985
1,1,0.9999996337501597
0,0,0.20360877941147465
0,0,0.17604667480173675
0,0,0.019038064713135003
0,0,0.04577544166313344
0,1,0.3879697706623785
0,0,0.10884772648813251
0,0,0.07689969216439396
0,0,0.04764411317324196
0,0,0.11076211269731
0,0,0.028883579492881683
0,0,0.007497118657354561
0,0,0.03029120649556025
1,1,0.6025643885300905
0,0,0.11217001068071655
0,0,0.026824445696531002
0,0,0.0763852759884715
1,0,0.08859338425632778
0,0,0.0803719638600311
0,0,0.019872352536120574
0,0,0.06086238277924844
0,0,0.06600424864227107
1,1,0.7494683151273318
0,0,0.1713708510832393
1,1,0.4016538388188161
1,1,0.999997774513112
0,0,0.11758160083655815
0,0,0.06544744664020545
0,1,0.29541711852753066
0,0,0.03833948784891873
1,1,0.46796621769839686
0,0,0.034897791212789374
0,0,0.03664115510618452
1,0,0.04460426408244823
0,1,0.33966793789435634
0,0,0.10746409446121392
0,0,0.03386708114392225
0,1,0.5116191492891591
0,1,0.26258795332716994
0,0,0.03961179561519983
1,0,0.06088989428916884
0,0,0.03293727750573208
0,0,0.042026197664513036
0,0,0.19802310294362924
0,0,0.026410168930677286
1,1,0.8890078621053364
0,0,0.0486814955600285
1,0,0.060852076790094314
0,1,0.25611507021444174
0,0,0.024870671180631517
0,0,0.025612629185682547
0,1,0.2729386877497023
0,0,0.055768452780839035
0,0,0.0750107360516301
1,1,0.3921262687591283
0,0,0.06695170071770047
0,0,0.1290033753298185
0,0,0.14926344096003724
0,0,0.02544167480491674
0,0,0.035944050691436365
0,0,0.08778866777724247
0,0,0.02413524898687558
0,1,0.2229531467847359
0,0,0.12776000958457598
0,0,0.1387747866997022
0,0,0.06893629416345683
1,1,0.4249804076807775
0,0,0.027437958314323118
0,0,0.04957543313474852
0,1,0.3027171153623623
1,0,0.09495499765829529
0,1,0.3009022339001083
0,1,0.24529233423795327
0,0,0.028669846681997634
0,0,0.10423990489429205
0,0,0.07008643691568135
0,0,0.09621124254210268
0,0,0.04108081441897405
0,0,0.15748676151620186
0,0,0.09251442877608801
0,0,0.051909817255662336
0,0,0.2132913406933558
1,1,0.22817820018503554
0,0,0.035821348374677986
0,0,0.19486167787006653
0,0,0.15402888901593775
0,0,0.1630565695052617
0,1,0.39557038869622735
0,0,0.07396530723854178
0,0,0.03679650460054456
0,1,0.23670572412027036
0,0,0.05763566001555241
0,0,0.06929368709763646
0,0,0.04981438154631861
0,0,0.0252868162083656
0,0,0.03707815898590404
0,0,0.05227028270650102
0,0,0.03821347926466285
0,0,0.18263134256387412
0,0,0.07942810827939736
0,0,0.08455781055408221
0,0,0.17945088696966527
0,1,0.40037780363890413
0,0,0.03727560632382135
0,0,0.024897387883626033
0,1,0.46141832579182246
0,0,0.04170576449100958
0,0,0.04591234737061799
0,1,0.2593501592930599
0,0,0.029594379363050212
0,0,0.03874786412649169
0,0,0.07315797278404979
0,0,0.12978465388521346
1,1,0.33931785130653414
1,1,0.739927333468076
1,1,0.47886438410550636
0,0,0.14160012745401934
0,0,0.1407015401670157
0,1,0.29101544864900253
0,0,0.06830516466363047
0,0,0.03237454817223117
0,0,0.04820948501060334
0,0,0.043982398051202805
0,0,0.02528349107069736
0,1,0.6685903225157696
0,0,0.10463208186244266
0,0,0.0372339483812756
0,0,0.025447174918573814
0,0,0.026612506748611046
0,0,0.08752912852556433
0,0,0.09890641578123782
0,0,0.09134691780282307
0,0,0.13991312572556627
1,1,0.22606433207567636
1,1,0.5861250269222398
0,0,0.06516406751657519
0,0,0.09235956097485357
1,1,0.23617624775836848
1,1,0.48766265985431545
0,0,0.08481566307314675
0,1,0.2916204073153596
0,0,0.01926989387520184
0,0,0.051018151954535046
0,0,0.08499940759472695
0,1,0.23914074558608905
0,0,0.02184031988264464
0,0,0.0661996029088863
0,0,0.02693369289223039
0,0,0.12316757460019513
0,0,0.05158630597858238
0,0,0.06831314180986967
1,0,0.08101885015839475
0,1,0.4753623409970015
0,0,0.10528010879870199
0,0,0.047234858938556355
0,0,0.07689914536551051
0,0,0.07288355098748397
0,0,0.1677649744379865
0,1,0.22805906271772136
0,0,0.04358515607513506
0,0,0.10262490694376876
0,0,0.09990784053270499
0,0,0.1854996736923843
0,0,0.11220611553729311
0,0,0.04414243792103596
1,0,0.20840556460832588
1,0,0.18961292013854897
0,0,0.21001358902250328
0,0,0.11400080017755483
0,0,0.05177732081940518
0,0,0.11875760665952054
0,0,0.05146147178511022
0,0,0.03334629597410791
0,0,0.05389288358266722
1,1,0.7917745500280665
0,0,0.02387065543458465
0,0,0.11513727600738795
0,0,0.041591287988882175
0,0,0.05316177582305039
0,0,0.03732426089763171
1,1,0.5993770967922634
0,0,0.019271914685911412
1,1,0.9105532847279518
1,1,0.8021883505998698
0,1,0.36985009130371055
0,0,0.04115577647390474
0,1,0.37891361371880783
0,0,0.05567126968008009
0,0,0.13071467585887464
0,0,0.19190268177712977
0,0,0.05153888890301251
0,0,0.019965700901381427
1,0,0.1364994778899756
0,1,0.4805552564268568
0,0,0.05363486062550194
1,1,0.7151643855678091
0,0,0.06570077258201919
0,0,0.14644492093683165
0,0,0.026806558251546653
1,1,0.9389092512480905
0,0,0.10744146481163042
0,0,0.042348203279691896
0,0,0.03870931561887234
0,1,0.2680971062341178
1,1,0.9249606868030333
0,0,0.055409834703933465
0,0,0.045166896518778275
0,0,0.062247128660763415
0,0,0.055114196828276306
0,1,0.2645704532237977
0,0,0.043464081854007124
1,1,0.7951593014163597
0,0,0.10231533137195979
1,1,0.856984188752752
0,0,0.05537670034079227
0,1,0.22953067641264077
0,1,0.2652921104515685
0,0,0.1451870896867554
0,0,0.0804124876845134
0,0,0.036879881050840266
1,1,0.8136367679634373
0,0,0.054116699808828245
0,0,0.022564344297796315
0,0,0.13010847567847555
0,0,0.024281883416260065
1,1,0.615818829105602
0,0,0.03377648453633526
1,0,0.15732711856091136
0,0,0.2106661582144176
0,0,0.11527163937317098
0,0,0.033355842134528045
0,0,0.05437853179744281
0,0,0.04688327809439936
0,0,0.04742174818852102
0,0,0.012732798682589346
0,0,0.048693932336089
0,1,0.2509593508736979
0,0,0.11676462559377762
0,0,0.20601474253138108
0,0,0.03748437817216841
0,0,0.04796326430258334
0,0,0.027861465890705265
0,0,0.060527100727670764
1,1,0.7851814783996219
0,0,0.07873907109634841
0,0,0.027925687116785024
1,1,0.6903684593192273
0,0,0.188971372026896
0,0,0.04966840548631302
0,0,0.04629039713186085
0,0,0.029074192447900136
0,1,0.5
0,0,0.11340904341905125
1,0,0.185214775544011
1,1,0.3296473105906278
0,0,0.08405767174562545
0,0,0.04693441772749095
0,0,0.20199003754892594
1,1,0.6418611212359625
1,1,0.4454605816255851
1,1,0.9999947636078196
0,0,0.048885628313859564
0,0,0.04908007401325685
0,0,0.0298168049435439
0,0,0.21693517545591684
0,0,0.033926985656610335
0,0,0.036625286607590776
0,0,0.061445145844887125
1,0,0.060071188758483024
0,1,0.3659320745266946
0,0,0.02786248395200351
1,1,0.49151942996006304
0,0,0.059570596222135404
0,0,0.034797303778419574
0,1,0.4549763671056881
1,1,0.6539866858875781
0,0,0.026677325863661526
1,1,0.3667747183092342
0,0,0.08135877873998419
0,0,0.025880854640697552
0,0,0.03213836805760261
0,1,0.2183996766639926
0,0,0.0798602273975457
0,1,0.7175771266669919
0,0,0.03719682849746536
1,1,0.5101597914493103
1,1,0.44922617199799014
0,0,0.03150020824407457
0,0,0.044891809369390114
1,1,0.9093407210991803
0,0,0.053006346590432955
0,0,0.01253810559193695
0,0,0.0516493691690473
0,1,0.23034533929945467
0,0,0.06538191918732272
1,1,0.7698960535706191
1,0,0.16746062295158817
0,0,0.04076832942619081
1,1,0.7544074954346448
0,1,0.29650242935418236
0,0,0.10209508067506148
0,0,0.03646317810343159
0,0,0.16326923776127597
0,0,0.20380664852952185
1,0,0.18933706149539103
0,1,0.22757165536401622
0,0,0.06413347642598027
1,0,0.042440411527528275
0,0,0.06842100751186296
0,0,0.1964206471983458
0,0,0.043511299603246775
0,0,0.04677684855747686
0,0,0.10037253763795827
0,0,0.02609341419982082
1,1,0.8893222222579582
0,0,0.04129713517847798
0,0,0.04054343586070945
0,0,0.03639234023392563
0,0,0.05892789776377028
0,0,0.13051786889146252
0,1,0.2753061362295823
0,0,0.09190491213007083
1,0,0.07063153827643458
0,0,0.05285244522095526
0,0,0.13274279425945068
0,0,0.16259425816017847
1,1,0.7402103370287513
0,0,0.2123461883557456
0,0,0.16214903925706833
0,0,0.06099723095140221
0,0,0.023170177579914387
0,0,0.15278921630959302
0,0,0.03787630262144844
0,0,0.04307324930405581
0,0,0.08870235434410186
0,0,0.030942881097900082
0,0,0.09691587461416445
0,0,0.08903895291927214
0,0,0.020975136431761698
0,0,0.06593115220528721
1,1,0.7013084050599052
0,1,0.4575005187219539
0,1,0.27155592682147894
1,1,0.27908406598404495
0,0,0.06312356059031517
1,1,0.9449428432464876
0,0,0.03586321647895453
0,0,0.04080337827625468
0,1,0.591189277493691
0,1,0.2220739138074892
0,0,0.033946572151130346
0,0,0.11992693511028343
0,0,0.02759018259361065
1,1,0.38720554724061845
0,1,0.34393894839944555
0,0,0.03458962663332941
0,0,0.15402502354338626
0,0,0.08515075456270876
0,0,0.017171383222162037
1,1,0.39399544997383196
1,0,0.07292530037418314
0,0,0.0477080002463666
0,0,0.017505913448403142
0,0,0.061709709113530554
1,1,0.8400667037767047
0,0,0.19472067175856753
0,0,0.09511090123587357
0,0,0.013339031318880243
0,0,0.056285330682948755
1,0,0.07350570368730865
0,0,0.021188711306254524
0,1,0.8083320814614452
1,0,0.1690909722118135
0,1,0.5419562465225232
1,1,0.4153488526749376
0,0,0.12797840206050723
0,0,0.035308337160636964
0,0,0.026336234840414054
0,0,0.027791716198529756
0,0,0.024072464942448035
0,0,0.041286857290297435
0,1,0.2945342096653375
0,0,0.032672714874592806
0,0,0.1200234349435428
0,0,0.12875624176610242
1,1,0.711634104032509
0,1,0.4400610570180124
0,0,0.07720817375022049
0,0,0.03258384553985997
0,0,0.04214941846512811
0,1,0.7897782555554264
1,0,0.09456577017955811
0,0,0.059179087296625695
0,0,0.060464707423617765
0,0,0.05737698269684228
0,0,0.18794838160643532
0,1,0.5429103375716293
1,1,0.8459318136755921
0,1,0.28006974092547465
0,1,0.28773708640677476
1,1,0.24811133247585598
0,0,0.038399023499628926
0,0,0.17321613060975058
1,1,0.6915547987079175
0,1,0.2908953179287654
0,1,0.526235230711597
0,0,0.08941740668112073
0,0,0.12020481544179816
0,1,0.746886158534249
1,1,0.7045635954701419
0,0,0.0949719310449924
0,0,0.1721725295417522
1,1,0.5349426034434513
1,1,0.5
0,0,0.07656985440675106
0,0,0.069838756090678
0,0,0.08371720900542139
0,1,0.6006458720616574
1,1,0.40818146571464803
0,0,0.08901197686223629
0,1,0.5903558752757551
0,0,0.04771210234259934
1,0,0.17373863748043844
0,0,0.035136645437373
0,0,0.04416318314169527
0,0,0.04781888902355142
0,0,0.17203109181747142
0,0,0.055721556726383716
0,0,0.07832764391031975
0,0,0.03989914884971108
0,1,0.4670574112325634
0,0,0.19837326812355782
0,0,0.06891334361246992
0,1,0.22411327428881764
0,0,0.055705898510551737
1,1,0.901874910452383
0,0,0.0632415672075378
1,1,0.8295177895072939
0,0,0.05715102491005454
1,1,0.48358113004962905
0,0,0.02416623118235978
1,1,0.23110255453608905
0,0,0.0568283924232055
0,0,0.04187276922346999
0,1,0.5295055774340763
0,1,0.30154843854595176
1,0,0.08867489172984712
0,0,0.0382810503022281
0,0,0.1694845604683807
0,0,0.027657507857458876
1,1,0.2919800146443873
0,0,0.057513470614476786
1,1,0.9999992563125846
1,1,0.8557185082113925
0,0,0.09899335215718222
0,0,0.04135812048976016
0,0,0.10268351172031541
1,1,0.8599264564077786
0,0,0.16858621994598594
0,1,0.45948040424857395
0,0,0.04199991319358554
0,0,0.043597412769046974
0,0,0.06598598864202014
0,1,0.7244355286333594
0,0,0.21731781931063726
0,0,0.047747329086710234
0,0,0.04112503814936091
0,0,0.022475086672628205
0,1,0.33910736014639065
0,1,0.5128495084271495
0,0,0.05165414253584819
0,1,0.3084886342359565
0,0,0.09303884420248217
0,0,0.06637270111432335
0,1,0.2704281954640207
0,1,0.36046181919706854
0,0,0.1043151057660281
1,1,0.48939639469267104
0,0,0.1572225270849543
1,1,0.4928820544543024
0,0,0.07873781194760138
0,0,0.11692486235215649
0,0,0.051924267249755636
1,1,0.8294125625169082
0,0,0.06001563916188287
0,0,0.0481222338527449
1,0,0.10564718855911528
0,1,0.683018334747789
0,0,0.12994019290537684
0,1,0.24182509613060899
0,0,0.0793777850836541
0,0,0.06164869114274793
0,0,0.1960462808507826
0,0,0.057679894537782606
0,1,0.33903818009712083
0,0,0.11656230695298174
0,0,0.145071651453579
0,0,0.16752482598702614
0,0,0.03122651253070741
0,0,0.1425728053096547
0,0,0.1687296492509441
0,1,0.912392731680577
0,1,0.24626391893887464
0,0,0.09203026995535588
0,0,0.21428358512803566
0,0,0.03970837595142818
0,0,0.037466162071164655
0,0,0.035389387397054696
0,0,0.022040776757191727
1,1,0.6032245041112636
0,1,0.5352231003720089
0,0,0.04121768109342281
0,0,0.11301411984443098
0,0,0.19459435241198417
1,1,0.6754209937064996
0,0,0.022231160705448814
0,1,0.44043945980514115
0,0,0.11134178709203509
0,0,0.03780598385617448
0,0,0.20514771648029845
0,0,0.03411453816062486
0,0,0.024914884367874823
0,0,0.04375804151672037
0,0,0.0390369507433202
1,1,0.732236357904616
0,0,0.049269791017319875
0,0,0.05420417638040884
0,0,0.07149015347636703
0,0,0.0324609830030555
0,1,0.23916229332155
0,0,0.05218462700891554
1,0,0.1540736812330779
0,0,0.08772154751650271
0,0,0.09562128718114192
1,1,0.2545762357800402
0,1,0.5
0,0,0.08905660250759365
1,1,0.9113114039546815
0,0,0.06600284541792147
0,0,0.06709434992381076
1,1,0.28244990910781204
0,0,0.11793708976549892
0,0,0.09880593016739449
0,0,0.10340014029354426
0,0,0.08831955420782119
0,0,0.16948744097868215
0,0,0.05123897139239963
0,0,0.06044827733568573
0,0,0.02718350542378937
0,0,0.05811412526503888
0,0,0.10668747655496078
0,0,0.05825486696763237
0,0,0.025554881267075943
0,0,0.028527444024865744
0,0,0.13798807566646545
0,0,0.026741970579036912
0,1,0.40495533560835395
0,0,0.05168753198924989
0,0,0.02531489966717
1,0,0.05170409208242169
0,1,0.2953599549652839
0,0,0.06567735841566008
0,1,0.35565982551222697
0,1,0.3148001169201101
1,1,0.2898433794896124
0,0,0.06650354217948788
1,1,0.9643223182119776
0,0,0.0319684690704927
1,0,0.13658557696200613
1,1,0.3021912424197459
0,1,0.54157264258937
0,0,0.029199352414641448
0,1,0.265176736581058
0,0,0.07356947048392742
1,1,0.4939422117104468
0,0,0.040951290807868634
0,0,0.09964686581805642
0,0,0.06849097455170731
0,0,0.06983734216585516
1,1,0.22317015072809138
0,0,0.08532997206298402
0,0,0.029763426686354708
0,0,0.05939871998842875
0,0,0.05092983483776127
1,1,0.6280557764072054
0,1,0.334667029319144
0,0,0.0769019848030135
0,0,0.0191365607648412
0,0,0.10420513480625405
0,0,0.1919237721188682
1,1,0.8626862683534735
0,0,0.1766019218366269
0,0,0.06714772568242441
0,0,0.1835634158553773
0,0,0.06630158631950935
0,0,0.03732042482295163
1,0,0.2101342390414368
0,0,0.016496650165486525
1,1,0.9679291156795933
0,0,0.04690730116904533
0,0,0.04358254322474975
0,0,0.055159212965827306
0,0,0.034528371197801895
0,0,0.027265676798489884
1,0,0.09869088667212825
1,1,0.864375950228614
0,1,0.3401054876742945
0,0,0.039842990717137775
0,0,0.04029048394196183
0,1,0.38556433036029986
0,0,0.08116718923913144
1,0,0.19935487737173702
0,0,0.032402629649517393
0,0,0.02323713375733989
0,1,0.6604895000633468
0,1,0.517761392499726
1,1,0.33210845758044544
0,1,0.3104143964598914
0,0,0.09781420805920567
1,1,0.4936850210919718
0,0,0.05061294132607713
0,1,0.5244134449568688
0,0,0.0573066289503901
0,0,0.06008468569954506
0,0,0.15945618932160813
0,0,0.17893844823926802
0,0,0.05426752408849326
0,0,0.0957090216118843
1,1,0.5639022511810281
0,1,0.4881045195653631
0,0,0.027149842759259833
0,0,0.034289218259439216
0,0,0.018103587319575183
0,0,0.021194717865341276
0,1,0.4009222048357068
1,0,0.05946013562663448
0,1,0.548206867049469
0,0,0.045582551154490565
0,0,0.13135145909696735
1,0,0.081319701753119
0,0,0.0588596721135685
0,0,0.06634823443509355
1,1,0.8076148280362035
0,0,0.05806160088079482
0,0,0.03378510638424122
0,0,0.1321452928030057
0,0,0.09780856701170665
0,0,0.03919083717141708
0,0,0.019292258547067447
0,0,0.08216597752240172
0,0,0.12796051961235286
0,0,0.2006204542299948
0,0,0.03074666564524055
0,0,0.05360967682311166
0,0,0.1748876342925203
1,0,0.022878707379398466
0,0,0.06486946275970777
0,0,0.20134365184828437
0,0,0.0437076170574142
1,0,0.16884285455534176
0,0,0.07946521914598279
0,0,0.05195408750968942
0,0,0.042109402679789264
0,1,0.5769061243003388
0,1,0.27123369410610143
0,0,0.17170661747721863
0,0,0.0424699891585274
1,1,0.5211084774839415
0,0,0.18220158249960705
0,0,0.20033802172209636
0,0,0.09379593425746933
0,0,0.07002397118958381
0,0,0.05341388526436735
1,1,0.8769556178891452
1,1,0.9999939970969081
0,0,0.036015241315090284
0,1,0.42552442063964
0,0,0.051133995257830474
1,1,0.750008690771609
0,0,0.0560412570405836
1,0,0.07734652523140642
0,0,0.052783511421733854
0,1,0.30452476127968314
0,0,0.0358782894969421
0,0,0.03180894372275944
0,0,0.05176032375839566
0,0,0.045244198488092705
1,1,0.3382917065346085
0,0,0.07670624409520423
0,0,0.031161936998717506
0,0,0.0421124105325385
0,0,0.016147527208676966
0,0,0.0345458224911899
0,1,0.30231613440249794
1,1,0.3689160552381342
0,0,0.07143768760977272
0,0,0.01740033421342503
0,0,0.022292647997670837
0,0,0.07365977951358711
0,0,0.0437561049774418
0,0,0.15233000765737545
1,1,0.5285552369865653
1,0,0.16043269183570216
0,0,0.06289705151458395
0,0,0.18856524617198087
1,1,0.336116895162529
0,0,0.12891973383380836
0,1,0.4619211741751644
0,0,0.04126964107804201
0,1,0.22276926031199926
0,0,0.12248465503716134
0,0,0.03380088230079084
0,0,0.09292504756692443
0,1,0.37559270551741686
0,0,0.016777362963117586
0,0,0.07864947433641917
0,0,0.005234407338474954
1,0,0.05913800119542987
0,0,0.03657064028473024
0,0,0.12495871523844494
0,1,0.5210989234579977
1,1,0.608156963099672
0,0,0.07121205345537089
1,1,0.5
0,0,0.19251210070182423
0,0,0.0673785780473999
0,0,0.028986247961954054
0,0,0.013911742681999491
0,0,0.06156286005858386
0,0,0.037440334765197515
0,0,0.033909877020889385
0,0,0.058083251645122624
1,0,0.20439087789177376
1,1,0.2879887275763846
0,1,0.27442869272704207
0,0,0.06711422456551593
0,0,0.03653298892593227
0,0,0.05153606127284789
0,0,0.039941267824400904
0,0,0.019137607638487007
0,1,0.2575736633789791
1,1,0.907929046630205
0,1,0.33715486412919415
0,1,0.30983268189240637
0,1,0.40140093920383907
0,1,0.2328381491911065
0,0,0.14629220335400542
0,0,0.022553304287496356
0,1,0.6333142168824514
1,1,0.42874404863196214
0,1,0.3667338925084134
0,0,0.16901057190717714
0,0,0.052470693039869905
0,0,0.10380921969099409
0,0,0.10932069037269956
0,0,0.09203142981211154
0,0,0.07739435466062367
0,0,0.08799078530075417
1,1,0.253763465865593
0,1,0.2806325237888608
0,1,0.3186028429201619
0,1,0.5469427190069712
0,0,0.06110308132407653
0,0,0.03416051899832997
0,1,0.29535390644204323
0,0,0.05460694654572805
1,1,0.45790164352648793
1,1,0.41146367771623826
0,1,0.2650776912055574
0,1,0.4857052972386418
0,0,0.015189566299218232
1,0,0.02454003528005272
0,0,0.15173047889521488
0,0,0.06048301181923502
0,0,0.11852074995717748
1,0,0.09063462542766122
0,0,0.09215192466874834
0,0,0.02575781470683824
0,0,0.0396831796469897
0,0,0.07371871915864758
0,0,0.028064593308373374
0,1,0.2458560525429054
0,0,0.029904462706701596
0,0,0.11276619130341557
0,0,0.1806859461260203
0,0,0.09069438678480393
0,0,0.08680093825462568
0,0,0.02589036824174992
0,1,0.3484968455957021
0,0,0.06075271790630288
0,0,0.03198067878762241
1,0,0.06135364347580519
0,0,0.08374864975712545
0,0,0.1030641552387366
0,0,0.03633416328806949
0,1,0.42932660159880515
0,0,0.040513016863480834
0,0,0.032373741619927225
0,0,0.05095903590234152
0,1,0.3011441858214746
1,1,0.7238983645253309
0,0,0.06932788278577957
0,0,0.03170749453837992
1,1,0.2522351811950481
0,0,0.046716111781367135
1,1,0.962235581887374
0,0,0.0787430299023505
0,0,0.11205800710455888
0,1,0.2623280290360177
0,0,0.03477660730574862
0,1,0.24406066849423255
1,1,0.999998060768233
0,0,0.04940474613768315
0,0,0.030865483403166073
0,1,0.30553071662932996
0,0,0.20922649109312297
1,1,0.6193225772989646
0,0,0.05627682421967105
0,0,0.011318732608571478
0,0,0.177257847902364
0,0,0.06599101913706891
0,0,0.042880319904584734
0,0,0.11321104279153903
0,0,0.08417502424495639
0,1,0.2852142409404968
0,1,0.23797526785857614
1,1,0.7804795819536011
0,0,0.09590773411221971
0,0,0.043267743077148105
0,0,0.05951315996108773
0,0,0.01946726516296298
1,0,0.0709431708867025
0,0,0.17717703917690328
1,1,0.8112827379443366
0,0,0.07533652738676046
0,0,0.06945334035508832
1,0,0.04853301025425756
0,0,0.18046108266658223
0,1,0.5999259836437028
1,1,0.625003781965257
1,1,0.5504155681380186
1,0,0.2146262469300386
0,0,0.08691628112586088
0,0,0.08234277496187017
0,0,0.09813819160143913
0,0,0.055702968676160564
0,0,0.12921931543927992
0,1,0.25568766440717505
0,1,0.262586887152577
0,0,0.022803777350422202
0,1,0.6450593962030916
0,0,0.08964229789806812
0,1,0.4685005700890811
0,0,0.040555129472427974
0,1,0.2636940791329109
1,1,0.5096404845953313
1,1,0.2946654493258493
0,0,0.06903959854595022
0,0,0.08665116187156438
0,0,0.15344616977009706
1,1,0.5279244592465855
0,0,0.038006170424968365
0,0,0.020615914723684837
0,1,0.2233191631108712
0,0,0.02962826509324337
0,0,0.031828479141757925
0,0,0.10707421141320093
0,0,0.03922778940486836
0,0,0.06421437088210188
0,0,0.05089822762088614
0,1,0.3463646181466504
1,1,0.9221296944866478
0,0,0.06081539233186362
0,0,0.05948057909583622
0,0,0.02227181716789177
0,0,0.14660893813833745
0,0,0.04472090469427244
0,0,0.07634520232973227
1,1,0.939540684660381
0,0,0.12778939024931604
0,0,0.1498676917389845
1,1,0.4176595557400389
0,0,0.09259636132389767
1,1,0.8817537884576844
0,1,0.32989875789875195
1,1,0.3951116266402714
0,0,0.06379156013516407
0,0,0.11317862392721703
0,0,0.060554409227872176
0,0,0.08492657577871485
1,1,0.47282978873007103
1,0,0.13218397366939985
1,0,0.087173932426271
0,0,0.03532884680335264
0,0,0.039566067713657255
0,0,0.09691185940441699
0,0,0.05399550003904907
0,0,0.035395531963024175
0,0,0.013433188210184426
1,1,0.39323772812807845
0,0,0.07106907924351676
1,1,0.8452378552841782
0,0,0.16010400497458413
0,0,0.12083708904916762
0,0,0.07794005675215988
0,0,0.040699203378168035
0,1,0.5982123476421132
0,1,0.6552919301622804
0,0,0.0889751347110346
1,1,0.3629051437007612
0,0,0.03101911034293243
0,0,0.061130325768865845
0,0,0.06883934137423281
1,1,0.5956098285919819
0,0,0.04358254127761922
0,0,0.11194882968043007
0,0,0.1286639632306161
0,0,0.07192737626766305
0,1,0.39223281162917034
0,0,0.1034114760760729
0,0,0.04465160195620428
1,1,0.3517761801152188
0,1,0.2520090807004535
0,0,0.21315151996033802
0,0,0.036810945576154726
0,0,0.19842031911273195
0,0,0.1603564131154759
0,0,0.061183294962140984
0,0,0.10001594427861671
0,1,0.8952428956985063
0,0,0.1074453922349102
0,0,0.18827199394330327
1,1,0.8230348655010397
0,0,0.18861192985900987
1,1,0.3878015646145308
0,1,0.46858859484528614
0,1,0.2208639858846059
1,0,0.12066341700097996
1,1,0.5359526753366408
1,1,0.367130996613964
0,0,0.16258268692949127
0,1,0.4228665511642479
0,1,0.29702639840426115
0,0,0.06125073137930321
0,0,0.054936530300961565
0,0,0.14545696469266958
0,0,0.04533444076130785
0,0,0.05648523454438399
0,0,0.05512656553592405
0,0,0.052875822281445786
0,0,0.08480697626322267
0,0,0.07484544375126742
0,1,0.23921693445104728
1,1,0.2573736368569985
0,0,0.055153791909926614
0,0,0.06973995732304493
0,0,0.08641122858274056
1,1,0.7953106372657097
0,0,0.08846116454866262
0,0,0.09580055952857777
0,0,0.15100830714533117
0,0,0.21336099992134716
0,1,0.27216656680174683
0,0,0.083879300433221
1,0,0.12851299744579953
0,1,0.26897827109465866
0,1,0.22410875418722062
0,0,0.09784316059290142
0,0,0.06439897913939659
0,1,0.46524365503817305
0,0,0.028277469684014976
0,0,0.03618915162618405
0,0,0.042199979091057285
0,0,0.056326683458351366
0,0,0.02823426674864634
0,0,0.04521636507467173
1,0,0.04715778663274274
0,0,0.06828388102927214
0,0,0.10426662295038804
0,0,0.0430625105523248
0,0,0.21036667044729335
0,0,0.05346507064064385
0,0,0.1407710754234358
0,0,0.02458414577417423
0,1,0.4486050149055978
0,1,0.30085332293776773
0,0,0.02864765394393082
0,0,0.022515953292166435
1,1,0.7452596350453133
0,0,0.13512137468436186
0,1,0.45601787240320524
0,0,0.05661399312423855
1,1,0.47546265626351525
1,0,0.05811175028267019
1,1,0.2715647389995787
0,0,0.06109874852005318
0,0,0.188466357559331
0,0,0.025835678282626506
1,1,0.7449804257239968
0,0,0.03091879368772026
0,0,0.02472913827500436
0,1,0.6108031451278572
1,1,0.3650252628863972
0,0,0.037435665959742105
0,0,0.03714483981658165
0,0,0.2050991957876934
1,1,0.5669734950013146
1,1,0.7290283770042055
1,1,0.31222484562802455
0,0,0.04285714006404874
1,1,0.8182584756983986
0,0,0.04604733816012639
0,0,0.05862437582766362
0,1,0.2547751180866204
0,0,0.05780884350422887
0,0,0.05804753309250248
1,1,0.8946173313356636
0,0,0.19517799286162604
0,1,0.450422863926756
0,0,0.03435752611666035
0,0,0.13972230417946208
0,1,0.3453834558863956
1,1,0.34624124982924975
0,0,0.1018793198324412
1,1,0.3589760811745336
0,0,0.18248988138105135
1,1,0.4617714804057497
0,1,0.5
0,0,0.04399828230960094
1,1,0.44408645872475544
0,0,0.04352377416814385
0,0,0.04270188496840507
1,1,0.24566804630649727
0,0,0.03823119086315802
0,0,0.056552623244443344
1,0,0.07423161967484011
1,1,0.9073048104278921
0,0,0.03994095838752796
0,1,0.5361984570049635
0,0,0.03225746058684322
0,1,0.5749847111309455
0,0,0.1282883421415629
0,0,0.08920477200155633
0,0,0.05991119442924055
1,0,0.0757895073725135
0,0,0.072449257922184
0,0,0.04980317066722594
0,0,0.034333138571031575
0,1,0.35207579012466594
0,0,0.10525746792405402
0,0,0.10448358022764112
1,1,0.23183325351745168
0,0,0.04689640120692413
0,0,0.0466321437011612
0,0,0.21655853370062292
0,0,0.08545769070143716
0,0,0.07220950796908032
0,0,0.11805067538598421
1,1,0.6194306137493618
0,0,0.047520348702400225
0,0,0.127704706896085
0,1,0.3511857758229242
0,0,0.05127080268212961
0,0,0.03281545033055388
0,0,0.13341122880906164
0,0,0.18942204841214866
0,0,0.07245785027128832
0,0,0.033038978423915684
1,1,0.880887242308331
0,0,0.07718076376675861
0,0,0.08073904062623116
1,1,0.3189071661026966
0,0,0.04242427610211406
1,1,0.8664194183252669
1,1,0.6735590133979773
0,0,0.164851717973547
0,1,0.40393993438035874
0,1,0.2636810710276807
0,1,0.35013772986673325
1,0,0.20817626331690775
0,0,0.06254669461355389
1,1,0.5366215663682874
0,0,0.039217457418999374
0,0,0.20387109033020742
0,1,0.5519293248035015
0,0,0.048274178677388
0,0,0.20759249474595848
0,0,0.06813941048069398
0,0,0.06200901242349832
0,0,0.06312204494484393
0,0,0.02040978539810037
0,0,0.07889455141257087
0,1,0.5152424895414554
0,0,0.06519301709342541
0,0,0.030499441917388376
0,0,0.019498923539189
0,0,0.02478189369973039
1,1,0.5993955747270127
0,0,0.20691829886955157
0,0,0.028883492358545038
0,1,0.25343004016085496
0,0,0.027987758992550335
0,0,0.17757520775636546
0,0,0.049269149035494536
1,1,0.30029336845728116
0,0,0.026632574256861583
0,0,0.04636584945792763
1,1,0.21892374020401487
0,0,0.08026837028292055
0,1,0.45768783491286197
0,0,0.02485788259330109
0,1,0.4315630100879689
0,0,0.05650479714866224
1,1,0.2236904801086605
1,1,0.7064410272338353
0,0,0.03457042827959966
0,0,0.08552527341844868
0,0,0.055120425362453256
0,0,0.03173345227282922
0,0,0.2162911683142568
0,1,0.6831168789253317
0,0,0.05455133829123602
0,0,0.10715240639871837
0,0,0.1238420095125888
0,0,0.05342716947885013
1,1,0.850257304491085
0,0,0.06789843754209277
0,0,0.06033571787700616
0,0,0.10013842361168017
0,0,0.013194805803446376
0,0,0.06288746325986741
1,1,0.6597241879585404
0,0,0.021231228635003728
1,0,0.09543412752902586
1,1,0.5671184416159971
0,0,0.07141442023612238
1,1,0.41291310693877664
0,0,0.0211600299026924
0,1,0.42891147049388334
0,0,0.17054223428502271
0,0,0.009577198946934169
0,0,0.07824650202669738
0,0,0.028274033469871115
0,0,0.08695242597089625
0,0,0.00846318052840108
0,0,0.08755561825587099
1,1,0.5720474062281573
0,0,0.056437196715074196
0,0,0.031715692408564714
0,1,0.44719561100421223
0,1,0.23475725358091334
0,0,0.029969026142744538
0,0,0.19363879623244812
0,0,0.141027728591766
0,0,0.0340231174985328
0,0,0.03636022689604573
0,1,0.3959597286948343
0,1,0.22233695899270628
0,1,0.35857902556665316
1,1,0.9958486728184633
0,0,0.05967185578301375
0,0,0.0775939707945256
0,0,0.06842745749613093
0,1,0.2227029207794611
1,0,0.05959473992823066
0,0,0.13382029169107998
1,0,0.019247706170956856
0,0,0.03035285217685397
0,0,0.2157734193554426
1,1,0.26883102996710473
0,1,0.2661970054289334
0,0,0.1737473611184639
0,0,0.17142671702415863
0,0,0.12175260841460259
0,1,0.25979429847663843
1,1,0.9999997363168923
0,0,0.013452800939616627
0,0,0.02138837382037284
0,0,0.026818268060601596
0,0,0.1908211758392435
1,1,0.33314958391469734
0,0,0.09387617309955286
0,0,0.04077646417852352
0,0,0.0873398366827789
1,1,0.6411456541873384
1,1,0.47712362318765056
1,1,0.3132415468428683
0,0,0.0901160415731565
0,1,0.30599565204861395
0,0,0.04177773559527062
0,0,0.07858119659884455
0,0,0.04308375292336508
0,0,0.1148581095488289
0,0,0.13965108256520148
0,0,0.09357231783015811
0,0,0.03547074483418321
0,1,0.2340892819787953
0,0,0.11387806654312764
0,1,0.2531641468377845
0,0,0.16998055776199283
1,1,0.6920493560591625
0,0,0.12397129172671474
0,0,0.16064642591714592
0,0,0.10142340513004178
0,1,0.2768734858293479
0,0,0.07390418847950744
0,0,0.0872117906076561
0,1,0.2881375245742355
0,0,0.025915249518365022
0,0,0.07373838949070217
0,0,0.06107715841403377
0,1,0.3289021851280123
0,0,0.026611113934878555
0,1,0.36183496598108333
0,0,0.04296773869588278
1,0,0.09960294943394304
0,0,0.19894320316764325
1,1,0.8880012361651134
1,1,0.41173743124484435
0,1,0.4004291296446628
0,0,0.16457105999447805
1,1,0.4582397845255187
0,0,0.029313112438008593
0,0,0.06598029904621074
0,0,0.07171181945140111
0,0,0.03086228209326983
1,1,0.6257540951999762
0,0,0.039253448402444456
0,0,0.10410636787798355
0,1,0.658818119557946
0,0,0.21263548560644727
0,0,0.053707536359500894
1,0,0.1577212724153638
0,0,0.044521473626953384
0,0,0.07774901246273563
0,0,0.03935582809563882
0,0,0.026795025496381797
0,0,0.03639788104082394
1,1,0.4791213908420097
0,0,0.11507934204982778
0,0,0.04678660357106476
0,0,0.022036649999214987
0,0,0.14061390207651045
1,1,0.695132943386139
1,0,0.20034167548770074
0,0,0.06339327437788506
0,0,0.048239445058546764
0,0,0.15543997935806236
1,1,0.7756875072660674
1,1,0.9423613437723176
0,0,0.05564010683408355
0,0,0.042403777650440504
0,0,0.1740537716759561
0,1,0.3326957376190893
0,0,0.08252752724604297
0,1,0.24124605105382463
0,0,0.08161670002403293
0,0,0.10033935783965187
1,1,0.23121616944948273
0,0,0.059841645094853665
0,0,0.08419247310749643
0,0,0.023098672243212888
0,0,0.03621157469229635
0,0,0.11045334522631343
1,1,0.26919035827340865
0,0,0.21014785806518677
1,0,0.1959363034864821
1,1,0.7845746785638797
0,0,0.07120714893005989
0,0,0.06886055768475512
1,1,0.5898212187120513
0,0,0.07506665257433232
1,1,0.2241300327285244
0,0,0.06690489347563852
0,0,0.05987054060484758
0,0,0.17070494876094147
0,0,0.1481340131901895
0,0,0.01940120308338694
0,0,0.02707129282057539
0,0,0.06352555027540321
0,0,0.11504250302559466
0,0,0.08222786524233948
0,0,0.15164683573004925
0,0,0.0287986989013686
1,1,0.6673943825951025
1,1,0.45338952513824415
1,1,0.833615055022452
0,0,0.13411105946438528
0,0,0.01572227406033679
0,0,0.0768101561735168
1,1,0.8431978491068939
0,0,0.10114051428928757
1,1,0.8038564671705267
0,1,0.30603525160802414
0,0,0.08623082866235075
0,0,0.044312540962361716
1,0,0.0264821505694257
0,0,0.0659530723780892
1,1,0.28112057474355384
0,0,0.057177979590984286
1,1,0.5584661497773397
1,1,0.5958444596416528
1,1,0.6435609385805624
0,0,0.08384602560415688
1,0,0.17816388692198332
0,0,0.10340780288805322
0,1,0.23690471733712068
0,0,0.060680357304742076
0,0,0.08672782002026116
0,0,0.031965304350009154
0,0,0.035531350951692735
0,0,0.0177734142387775
0,0,0.048411851297243055
1,1,0.45993186643748596
0,1,0.5372265728428591
1,1,0.5437958014295405
0,0,0.1824595044173988
0,0,0.07373141860454055
0,0,0.052940221004455716
0,0,0.020558017411050622
0,0,0.02674270332360247
0,0,0.13197129761944693
0,1,0.3584924815133013
1,1,0.717921078422967
0,0,0.03617125431351998
1,1,0.5803949586877396
1,1,0.8544460173719262
0,1,0.4390561885842476
0,0,0.04005360447580994
0,0,0.011588887332908991
1,0,0.20916938766054347
1,1,0.9216288032049875
1,1,0.6445754581944708
1,1,0.5584484923369296
1,1,0.8106792903708763
0,0,0.06725424323155535
0,1,0.75204507437261
0,1,0.3930064564209853
0,0,0.03717630625306122
0,0,0.020045822561982802
0,0,0.04923077853174868
0,0,0.06141336284358397
0,0,0.15760734360096032
0,0,0.039015422124186926
0,0,0.04731936100330545
1,1,0.4382792149467397
0,1,0.2188577966529902
1,1,0.9264060844673089
0,0,0.13291052591236746
1,1,0.8843387896179545
0,0,0.060488465253708185
0,0,0.12710446409900875
0,0,0.08128025848105168
1,1,0.7324366886723694
0,1,0.29563982426038915
0,0,0.04651070883019185
0,0,0.056563665505941677
0,0,0.046629775953288356
0,1,0.2347738113320199
0,0,0.051624819157125586
0,0,0.014984716579917155
0,0,0.1608590519598887
0,1,0.5283919333572451
1,1,0.4845657415238275
0,0,0.06414420237957026
1,1,0.5673852840577284
0,1,0.5
0,1,0.38646723400972277
0,0,0.015228568678097567
0,0,0.10030481228007732
1,1,0.8128878646986262
0,0,0.048412787445614884
0,0,0.0353655716533302
1,1,0.35084555223524044
0,0,0.026926706903027422
0,1,0.35095230404890815
0,1,0.2667365802315881
0,0,0.05144810071611161
0,0,0.06320382446635006
0,0,0.0707930348316867
0,1,0.26124713255551124
0,0,0.01680773053271879
0,0,0.04890690047833008
0,0,0.05640598353146379
0,0,0.11891549144705381
0,0,0.0962709371879257
0,0,0.04801550014814696
0,0,0.021134254809142432
0,0,0.024312887913731974
0,0,0.09899442446908362
0,0,0.08583951320295603
0,1,0.30329022658713967
0,0,0.1809897613831572
1,1,0.34402103645786164
0,0,0.18263239005640822
0,0,0.10082240709977278
0,1,0.3819304068892722
0,0,0.03356104618254394
0,0,0.04117382484687334
0,0,0.0619307731967955
0,1,0.23212726380360885
0,1,0.2610598988999191
0,1,0.39255506929183637
0,1,0.2904779181441896
0,0,0.04324487907730094
0,0,0.08165745054036837
0,0,0.04935429596420034
0,0,0.029480933295188347
0,0,0.06225141386414419
1,1,0.8720669173218587
0,0,0.05279218594207066
1,0,0.18156951033523694
0,0,0.030355758690054926
0,1,0.3635655011110726
0,0,0.13220688745406792
0,0,0.02609574349708355
0,0,0.028703072494863785
0,0,0.03335074271779407
0,0,0.11768608458965879
0,1,0.31719752354402386
1,1,0.6711333128674015
1,1,0.609443074009898
1,0,0.21281098007161325
0,0,0.058475440928178
1,0,0.09414703639819218
0,0,0.07326325714283809
0,0,0.071065933796606
0,1,0.6838508680093762
0,0,0.07490205087534987
0,0,0.11846069504173855
0,1,0.3313748554958066
0,0,0.02371713448952296
0,0,0.08111608472930905
0,0,0.029922051002794877
0,0,0.03346287337607795
0,0,0.1620489678346556
0,0,0.04062829340309649
0,0,0.05585491940463635
0,1,0.3470016785875394
0,1,0.2972828397289889
1,1,0.37167674530724876
1,1,0.9252861267439616
0,0,0.06027120016380985
1,1,0.5723649185136862
0,0,0.02371454916442634
0,0,0.08890872812349299
0,0,0.08560368151263271
0,0,0.13340117469348348
0,1,0.2749294848429347
0,1,0.25610749026134044
1,1,0.6003762847170528
0,0,0.04275095111186583
1,0,0.08830140198505441
0,0,0.1386405781044508
0,1,0.5108065621235574
0,0,0.03617582358695002
0,0,0.1336962749300122
0,1,0.25940285677478575
1,1,0.9061323071843471
0,0,0.031967386183702665
1,0,0.10394690052421891
0,0,0.10492292994632872
0,0,0.04410914498706434
1,1,0.7585775298313496
0,0,0.03193557780515937
0,0,0.19505421693547298
0,0,0.05409273251711024
0,0,0.04197805082727246
0,0,0.07901261405090951
0,1,0.3560427985915161
0,0,0.028770577860042765
0,0,0.07110786395274274
1,1,0.8261871943251727
0,1,0.2856136908975659
1,1,0.35968228569208294
0,0,0.07907797470929816
0,0,0.019128445107175072
1,0,0.1746363230092759
0,0,0.061892541684502436
0,0,0.047617670167505226
0,0,0.06253011460672742
0,0,0.14913368358264362
0,0,0.055347133311681986
0,0,0.026403177715044437
0,0,0.06081528942663805
0,1,0.34506363651733674
0,0,0.01599228668005414
0,1,0.2564651542933738
0,0,0.03486065276253699
0,0,0.06325018869514769
0,0,0.1517948344333588
0,0,0.06982496934898699
1,0,0.06053854260643721
0,0,0.06167154778862523
1,1,0.4705874620276668
0,0,0.031666763987375154
1,0,0.1251150016000739
0,0,0.02809591940236643
0,1,0.27979522256904793
1,0,0.06163938713204119
1,1,0.4719553512912171
1,0,0.09625918098277418
0,0,0.018178014091511114
0,0,0.1609962031921831
1,1,0.6053732194255772
0,1,0.24060015881618682
0,1,0.6793659504893963
1,1,0.5600418298174056
1,1,0.4349576516396704
0,1,0.3488142244047103
0,0,0.02539374280023815
1,0,0.042824737895915024
0,0,0.2121729067770007
1,1,0.5639317096136538
0,1,0.5564204486300749
0,0,0.128035886107321
0,0,0.03539991458473479
0,1,0.245771630808769
0,1,0.28420069386973074
0,0,0.023600695858338825
0,0,0.060259432671876084
0,0,0.08815443854622318
0,0,0.10386028782288477
0,0,0.03095754914973631
0,0,0.050559671311065826
0,0,0.12050408424794457
0,0,0.05165780612400433
0,0,0.1371919887476457
0,0,0.03968170487062713
0,1,0.5801053111229482
0,0,0.05635422884356227
0,0,0.060222470736892075
0,1,0.30183909278791776
0,0,0.19954914393361872
1,0,0.15914479502826734
0,0,0.2172859708947943
1,1,0.5974840043766084
1,0,0.06783795116451842
1,0,0.11317527664929182
0,0,0.05476593813279572
0,0,0.02840362392364127
0,1,0.24118509843102162
0,0,0.02911550968350375
0,0,0.08453481147075738
1,1,0.8410123758142196
0,0,0.16005114640609078
0,0,0.05102592703514309
0,0,0.06546690034546013
0,0,0.09853733886409453
0,0,0.012461246491300005
0,1,0.406043448610977
1,0,0.10027988394255982
0,0,0.022500199847376265
0,0,0.21597673634825326
0,0,0.07884312441698868
0,0,0.13659611297785193
0,0,0.08170575448809221
0,0,0.19774085370070774
0,0,0.09967393173936491
0,1,0.306260468885502
0,1,0.2916428946031545
0,0,0.0308756746850199
0,0,0.062002425129044705
0,0,0.0905455556958084
0,0,0.047678511875269204
1,0,0.03324531573597311
0,1,0.28477588251917924
0,0,0.07631257079943253
0,0,0.10823325263401717
0,1,0.22316388029562628
0,0,0.12687185002855758
0,0,0.13617591834703538
0,0,0.03697199064386846
0,1,0.8519242908063538
0,0,0.04034436718709678
0,1,0.8607692269343341
0,0,0.020974555475026326
1,1,0.7243912514459965
0,0,0.08287642166735143
0,0,0.02762423187981392
0,0,0.1586169549567129
0,0,0.03581117214376262
0,0,0.18353793547578554
0,1,0.41835699490637296
0,0,0.063358088008089
0,1,0.3513590555942391
0,0,0.023627743139686998
0,0,0.044495797420678544
0,0,0.022544531749956864
0,0,0.02284672752416308
0,0,0.052747855682879666
0,0,0.01424045745935323
0,0,0.028428177125718806
1,0,0.08003791811289428
0,0,0.20754617812890278
0,1,0.4529790834059175
1,0,0.11489161226866981
0,0,0.04087115670184497
1,1,0.660805450073376
0,0,0.06275019811209058
0,0,0.06385597304810649
1,1,0.21748972936455666
0,0,0.07971925064506334
1,1,0.40089501052308363
0,1,0.4822753486667971
1,1,0.2816616374938624
0,0,0.07243275933557526
0,1,0.49396186308902384
0,0,0.17874932849772937
0,0,0.10834894390651717
1,0,0.020697261252585985
0,0,0.030232776053117822
0,1,0.4471886154591037
0,0,0.04186978263290356
1,1,0.6269513784531467
0,0,0.10643488678109335
0,1,0.36234044933287735
0,0,0.06016675395134871
1,1,0.5711198826658785
1,1,0.7795894988626606
0,0,0.06467231035376843
0,0,0.049347787848070264
0,0,0.15468757809474182
0,0,0.1433355823651809
0,0,0.0429963741924247
0,0,0.06536023098009697
1,1,0.43351651264346863
0,0,0.037960396260826826
0,0,0.16554871369685625
0,0,0.03443541231973533
1,1,0.47152082419938773
1,1,0.8688365634368935
0,1,0.35878147201276317
0,0,0.026913217974582335
0,0,0.13621839075715522
0,0,0.10703509617713358
1,1,0.3649998686069352
0,1,0.25544481092491056
0,0,0.08044108751310755
0,1,0.2951191183450491
0,1,0.3862895939157531
0,0,0.027491319379092397
1,1,0.22082971830891668
0,0,0.11671526632573544
1,1,0.39416254798718253
0,0,0.02099523359494869
1,1,0.7228318692535248
0,0,0.048180061312391734
0,1,0.43742967944262856
0,0,0.0669890742746557
0,0,0.050062461794131735
0,0,0.028707548401374603
0,0,0.026923567158356414
0,0,0.0897412244718881
0,1,0.36957570357118297
0,1,0.5073232249098492
0,0,0.05820155676299652
1,1,0.27977853756432153
0,1,0.35237229994587976
0,1,0.32330490880338225
0,0,0.1468190757373428
0,0,0.021595464456126208
0,0,0.1381474679833216
1,0,0.17904455575459832
0,0,0.07751389676205993
0,0,0.04727952443948293
1,1,0.6486476826788954
0,0,0.06794252770731879
1,1,0.5350584403309531
1,1,0.7752321780739362
0,0,0.0540379612309724
0,1,0.6899813973731239
0,0,0.01944214618179305
0,0,0.023219607960384702
0,0,0.18906990961350748
0,0,0.14708213990394067
0,0,0.05646879342704045
0,1,0.5554418722624797
1,1,0.641491705943325
0,1,0.25993803549433786
0,0,0.051845526828941155
1,0,0.07208018087319179
1,1,0.3211316933902
0,1,0.2925068897662773
0,0,0.05966222718605571
0,0,0.07917618396835392
0,0,0.05521421487148755
0,0,0.08241456095894929
0,0,0.10623526520244997
1,0,0.07129027816276606
0,0,0.05642772700803123
0,0,0.14864459019028628
1,1,0.3162623539659789
1,0,0.11055131191351243
0,0,0.11978162720031361
1,1,0.8206270275718123
0,0,0.11679674095315774
1,1,0.6249657266239181
1,1,0.6837202449628335
0,0,0.04152301915209787
0,0,0.09103987089864374
0,0,0.06102378361402872
1,0,0.03314177706645613
0,0,0.08823907048829475
0,0,0.08961703337836693
0,0,0.1315667771637797
0,1,0.29348139081618047
0,0,0.08221493345350751
0,0,0.11948589696449437
0,0,0.04728195205765253
0,0,0.10676528571220884
0,0,0.06647697354416039
0,0,0.05079666333277109
0,0,0.19550805153024337
0,1,0.25658097756240983
0,0,0.05255451755751126
0,1,0.5598126344098874
0,0,0.04794273888580107
0,0,0.0985813472756746
0,1,0.2524527447116652
0,1,0.3957167236142114
0,0,0.20826084861924882
0,1,0.25500567163398097
0,0,0.03030124421412338
1,1,0.6938264497179656
0,0,0.09253450230437314
1,0,0.07331543870034894
0,0,0.03173649457565305
0,0,0.18587773843955338
0,0,0.0623488618435994
0,0,0.16730802629456318
0,0,0.10221192278372353
0,0,0.07558661409900069
1,1,0.5888464201635798
0,0,0.028975943752855265
0,0,0.09059540100198474
0,0,0.061112196702079305
0,0,0.15904838097725896
0,0,0.030631335145381165
1,1,0.9999996070454565
0,0,0.12305301553000085
0,0,0.02448087524456841
1,0,0.0618964087223362
0,0,0.024966729101630128
0,0,0.04279793217985729
0,0,0.14163699203496877
0,0,0.04686705481546647
0,0,0.03274043775754639
0,0,0.10426959819967001
0,0,0.07126409037784573
0,0,0.06711925029875268
0,0,0.016949573321546996
0,0,0.20830837981000258
0,1,0.7217073840214008
0,0,0.11276427459007067
0,0,0.03198583103765687
0,0,0.043839145825889894
0,1,0.24382696200254433
1,1,0.7646034412842229
1,1,0.9108627831167252
1,1,0.6707502993409932
1,1,0.22404147560532042
0,0,0.08955956375225888
0,0,0.1919126629860482
0,0,0.019410622173141167
1,1,0.657384155987987
1,1,0.5484547489357161
0,0,0.07635376587259944
0,0,0.034631846413821
0,0,0.15067665323692442
1,0,0.11414963885646753
1,1,0.25864794369221983
0,0,0.14831048140632966
0,0,0.06132052470357663
1,1,0.5923185761577814
0,0,0.09318714762430477
1,1,0.8004604336197596
0,0,0.020498808482098688
0,0,0.20054211584340292
0,1,0.2961498551010138
0,0,0.0387510469356512
1,1,0.5288875978848215
0,1,0.33194188155948035
0,0,0.04081917516988168
0,0,0.03623454609778736
0,0,0.03803499386138842
0,0,0.039068367358907764
1,1,0.7790309115847323
0,0,0.1002380175946543
0,0,0.12932164276409938
1,0,0.10936537106841755
1,0,0.06576292228540305
0,0,0.061563260218028326
0,1,0.37717246966753376
0,0,0.024866772752264822
0,0,0.08493489694766557
0,0,0.033898366048999054
0,0,0.03752762055615552
1,0,0.11287151304263512
0,0,0.02475538149328281
0,0,0.0380225719433097
1,0,0.187861741096083
0,0,0.12793567543449674
0,0,0.06499869721266956
1,1,0.9739196895874758
1,1,0.6080792662368321
0,0,0.04738686699513397
1,0,0.016913575697670404
0,0,0.11419556146903763
0,1,0.5
0,0,0.12894175449114328
1,1,0.6249394223157229
0,0,0.07475682552162823
0,0,0.05604138853899586
0,0,0.03274505720482721
0,0,0.13192718872513268
0,0,0.06692120213779452
0,0,0.060209890717086656
0,0,0.19638886425591062
0,1,0.27607201652467933
0,0,0.14968194734728096
0,0,0.1933195610795208
1,1,0.2593159915903935
0,0,0.05979105264342236
1,1,0.3624093914402111
0,0,0.013936157880820128
0,0,0.11095484981546047
0,0,0.058257143055392306
1,1,0.37595118186259113
0,0,0.05097954719591668
0,0,0.10155408807554375
0,0,0.04417447332072638
0,0,0.07969260112153345
0,1,0.22785630816110136
0,0,0.13544579332358433
0,0,0.20477421964320644
0,0,0.18933698819680916
0,1,0.2495327527986344
0,0,0.1186314633315468
0,0,0.05860551623299058
1,1,0.9167926933485125
1,1,0.5070425650402249
0,0,0.010457719938524549
0,1,0.23757274593551772
0,0,0.10654656228381801
0,0,0.19852545350583964
0,0,0.09287068733541833
0,0,0.031018353827657778
0,0,0.036131247853953385
0,1,0.6905776939864293
0,0,0.050262508601999586
1,1,0.7901217801591331
0,0,0.06032200350594012
0,1,0.5597572311814983
0,1,0.2895570348909152
1,0,0.061650314583139555
0,0,0.03343213573098009
1,1,0.6295557374728867
0,0,0.03168574045571752
0,0,0.06085342383490242
0,0,0.12385079822930778
0,1,0.2713093445051389
1,1,0.44123087899184354
0,1,0.830852673558209
0,0,0.0502825812450625
0,1,0.9002106831833814
0,0,0.06237024893472517
0,1,0.7150850392539234
0,0,0.030462550435259774
0,0,0.050984612081133446
0,0,0.0448326281499489
0,0,0.027872008326891424
0,0,0.208700735839475
0,0,0.053050445628568414
1,1,0.40746232681654754
0,0,0.03641082485246724
1,1,0.4192898485992714
0,0,0.04268148732288383
0,0,0.028140406310422555
1,0,0.18039620509297935
0,0,0.03553271817220012
0,0,0.17462633924567134
0,0,0.20836756370252563
0,0,0.041102162765908445
0,0,0.04572146844921918
0,0,0.1644706706785745
0,0,0.09869114797799558
0,0,0.04586381267724379
0,0,0.060005975489456756
0,1,0.22231325631619803
0,0,0.02841685418730153
0,0,0.017327646631922617
1,1,0.48381240224304206
1,1,0.835375353884538
0,0,0.08438802048583928
0,0,0.10177171248075442
0,0,0.0598612217912718
0,0,0.04041673120500979
1,1,0.8735138573002603
0,0,0.028355010091807062
0,0,0.03615249726332595
0,0,0.023458452420613576
0,0,0.04397248820657502
0,0,0.03480299201643674
0,1,0.36138558958444134
0,0,0.043364266277989165
1,0,0.21708335269148193
1,1,0.4614625388605694
1,1,0.4436955917744342
0,0,0.04181651365244145
0,0,0.06932188467405263
0,0,0.11815256249935363
0,0,0.034861929761577815
0,0,0.04144813271164347
1,1,0.5740978848580705
1,1,0.4412206349264727
0,0,0.027237737893796857
0,0,0.07089153960600451
0,0,0.033111288289185796
1,0,0.07112342611014624
0,1,0.5883550714816415
0,1,0.47891431444708404
0,0,0.03793601127254168
0,0,0.0659292624251268
0,0,0.12035880841792286
1,1,0.999997148500908
1,1,0.5829628441473296
0,0,0.028787169987818197
0,0,0.16163352077770837
0,0,0.09205876492222043
0,1,0.33328021899158466
0,1,0.4189679953505113
0,0,0.07607345135032922
1,1,0.43940363662080484
1,1,0.42277957525150883
0,1,0.3447507868993345
0,0,0.03377754536088411
0,1,0.36670791902940275
0,0,0.020168115652971125
0,0,0.04559287161421378
1,1,0.5555021910328826
1,1,0.48154435707053617
0,1,0.338142895635353
0,0,0.08087837309920927
0,0,0.08973730202853113
0,0,0.028391787875182664
0,0,0.05082563598730777
0,0,0.05745541525092302
1,1,0.8310580342610814
0,0,0.04389403407638562
0,0,0.07058424091750903
